<?xml version="1.0" encoding="ISO-8859-1"?>
<n:PESFacture xmlns:n="http://www.minefi.gouv.fr/cp/helios/pes_v2/facture" xmlns:cm="http://www.minefi.gouv.fr/cp/helios/pes_v2/commun" xmlns:ns1="http://www.minefi.gouv.fr/cp/helios/pes_v2/commun" xmlns:xsi="http://www.w3.org/2001/XMLSchema-instance">
	<IdVer V="1.00"/>
	<Annee V="2008"/>
	<NumSequence V="2"/>
	<Date V="2008-02-01"/>
	<Emetteur>
		<InfoTiers>
			<IdTiers V="1"/>
			<TypTiers V="01"/>
			<NatIdTiers V="01"/>
			<RefTiers V="XXXXXX"/>
			<CatTiers V="20"/>
			<NatJur V="00"/>
			<Nom V="XXXXXX"/>
		</InfoTiers>
		<Adresse>
			<TypAdr V="0"/>
			<Adr1 V="XXXXXX"/>
			<Adr2 V="XXXXXX"/>
			<Adr3 V=""/>
			<CP V="XXXXXX"/>
			<Ville V="XXXXXX"/>
			<CodRes V="0"/>
		</Adresse>
		<CpteBancaire>
			<CodeEtab V="XXXXXX"/>
			<CodeGuic V="XXXXXX"/>
			<IdCpte V="XXXXXX"/>
			<CleRib V="XXXXXX"/>
			<LibBanc V="XXXXXX"/>
			<TitCpte V="XXXXXX"/>
		</CpteBancaire>
	</Emetteur>
	<FactureIndiv>
		<TypeFact V="QUITTANCE"/>
		<DateEmission V="2008-02-01"/>
		<NumeroFacture V="L6202001-200802"/>
		<Debiteur>
			<InfoTiers>
				<IdTiers V="L6202001"/>
				<CatTiers V="01"/>
				<NatJur V="01"/>
				<Civilite V="Mme &amp; M."/>
				<Nom V="XXXXXX"/>
			</InfoTiers>
			<Adresse>
				<TypAdr V="0"/>
				<Adr1 V="XXXXXX"/>
				<Adr2 V=""/>
				<Adr3 V=""/>
				<CP V="XXXXXX"/>
				<Ville V="XXXXXX"/>
				<CodRes V="0"/>
			</Adresse>
		</Debiteur>
		<Tiers>
			<TypeTiersFacture V="10"/>
			<InfoTiers>
				<IdTiers V="C4 0941"/>
				<CatTiers V="01"/>
				<NatJur V="01"/>
				<Civilite V="Mme &amp; M."/>
				<Nom V="XXXXXX"/>
			</InfoTiers>
			<Adresse>
				<TypAdr V="0"/>
				<Adr1 V="XXXXXX"/>
				<Adr2 V=""/>
				<Adr3 V=""/>
				<CP V="XXXXXX"/>
				<Ville V="XXXXXX"/>
				<CodRes V="0"/>
			</Adresse>
		</Tiers>
		<Objet V="XXXXXX"/>
		<LigneFacture>
			<DateDebut V="2008-02-01"/>
			<DateFin V="2008-02-29"/>
			<CodeProduit V="130"/>
			<CodeNature V="LO"/>
			<Libelle V="LOYER PRINCIPAL ECHU"/>
			<MtHT V="286.12"/>
			<TauxTVA V="0"/>
			<MtTVA V="0"/>
			<MtTTC V="286.12"/>
			<Ordre V="1"/>
		</LigneFacture>
		<LigneFacture>
			<DateDebut V="2008-02-01"/>
			<DateFin V="2008-02-29"/>
			<CodeProduit V="150"/>
			<CodeNature V="LO"/>
			<Libelle V="LOYER GARAGE"/>
			<MtHT V="30.14"/>
			<TauxTVA V="0"/>
			<MtTVA V="0"/>
			<MtTTC V="30.14"/>
			<Ordre V="2"/>
		</LigneFacture>
		<LigneFacture>
			<DateDebut V="2008-02-01"/>
			<DateFin V="2008-02-29"/>
			<CodeProduit V="215"/>
			<CodeNature V="PC"/>
			<Libelle V="LOCATION REL. CPTEURS EAU F."/>
			<MtHT V="1.5"/>
			<TauxTVA V="0"/>
			<MtTVA V="0"/>
			<MtTTC V="1.5"/>
			<Ordre V="3"/>
		</LigneFacture>
		<LigneFacture>
			<DateDebut V="2008-02-01"/>
			<DateFin V="2008-02-29"/>
			<CodeProduit V="310"/>
			<CodeNature V="PC"/>
			<Libelle V="PROVISION CH. COMMUNES"/>
			<MtHT V="31.92"/>
			<TauxTVA V="0"/>
			<MtTVA V="0"/>
			<MtTTC V="31.92"/>
			<Ordre V="4"/>
		</LigneFacture>
		<LigneFacture>
			<DateDebut V="2008-02-01"/>
			<DateFin V="2008-02-29"/>
			<CodeProduit V="317"/>
			<CodeNature V="PC"/>
			<Libelle V="PROVISIONS CHARGES GARAGES"/>
			<MtHT V="4.2"/>
			<TauxTVA V="0"/>
			<MtTVA V="0"/>
			<MtTTC V="4.2"/>
			<Ordre V="5"/>
		</LigneFacture>
		<LigneFacture>
			<DateDebut V="2008-02-01"/>
			<DateFin V="2008-02-29"/>
			<CodeProduit V="320"/>
			<CodeNature V="PC"/>
			<Libelle V="PROVISION EAU CHAUDE"/>
			<MtHT V="4.06"/>
			<TauxTVA V="0"/>
			<MtTVA V="0"/>
			<MtTTC V="4.06"/>
			<Ordre V="6"/>
		</LigneFacture>
		<LigneFacture>
			<DateDebut V="2008-02-01"/>
			<DateFin V="2008-02-29"/>
			<CodeProduit V="330"/>
			<CodeNature V="PC"/>
			<Libelle V="PROVISION CHAUFFAGE"/>
			<MtHT V="53.01"/>
			<TauxTVA V="0"/>
			<MtTVA V="0"/>
			<MtTTC V="53.01"/>
			<Ordre V="7"/>
		</LigneFacture>
		<LigneFacture>
			<DateDebut V="2008-02-01"/>
			<DateFin V="2008-02-29"/>
			<CodeProduit V="350"/>
			<CodeNature V="PC"/>
			<Libelle V="PROVISION EAU FROIDE"/>
			<MtHT V="3.4"/>
			<TauxTVA V="0"/>
			<MtTVA V="0"/>
			<MtTTC V="3.4"/>
			<Ordre V="8"/>
		</LigneFacture>
		<LigneFacture>
			<DateDebut V="2008-02-01"/>
			<DateFin V="2008-02-29"/>
			<CodeProduit V="360"/>
			<CodeNature V="PC"/>
			<Libelle V="PROVISION ASCENSEUR"/>
			<MtHT V="4.11"/>
			<TauxTVA V="0"/>
			<MtTVA V="0"/>
			<MtTTC V="4.11"/>
			<Ordre V="9"/>
		</LigneFacture>
		<LigneFacture>
			<DateDebut V="2008-02-01"/>
			<DateFin V="2008-02-29"/>
			<CodeProduit V="650"/>
			<CodeNature V="PC"/>
			<Libelle V=" TAXE ENLEVT DECHETS MENAGERS"/>
			<MtHT V="4.25"/>
			<TauxTVA V="0"/>
			<MtTVA V="0"/>
			<MtTTC V="4.25"/>
			<Ordre V="10"/>
		</LigneFacture>
		<LigneFacture>
			<DateDebut V="2008-02-01"/>
			<DateFin V="2008-02-29"/>
			<CodeProduit V="715"/>
			<CodeNature V="PC"/>
			<Libelle V="LOCATION REL. CPTEURS EAU C."/>
			<MtHT V=".65"/>
			<TauxTVA V="0"/>
			<MtTVA V="0"/>
			<MtTTC V=".65"/>
			<Ordre V="11"/>
		</LigneFacture>
		<TotalAPayer>
			<MtTotalHT V="423.36"/>
			<MtTotalTVA V="0"/>
			<MtTotalTTC V="423.36"/>
		</TotalAPayer>
		<ModalitesReglement V="PRELEVEMENT"/>
		<ConditionsGen V=""/>
	</FactureIndiv>
	<FactureIndiv>
		<TypeFact V="QUITTANCE"/>
		<DateEmission V="2008-02-01"/>
		<NumeroFacture V="L6210005-200802"/>
		<Debiteur>
			<InfoTiers>
				<IdTiers V="L6210005"/>
				<CatTiers V="01"/>
				<NatJur V="01"/>
				<Civilite V="Melle"/>
				<Nom V="XXXXXX"/>
			</InfoTiers>
			<Adresse>
				<TypAdr V="0"/>
				<Adr1 V="XXXXXX"/>
				<Adr2 V=""/>
				<Adr3 V=""/>
				<CP V="XXXXXX"/>
				<Ville V="XXXXXX"/>
				<CodRes V="0"/>
			</Adresse>
		</Debiteur>
		<Tiers>
			<TypeTiersFacture V="10"/>
			<InfoTiers>
				<IdTiers V="JF1 0151"/>
				<CatTiers V="01"/>
				<NatJur V="01"/>
				<Civilite V="Melle"/>
				<Nom V="XXXXXX"/>
			</InfoTiers>
			<Adresse>
				<TypAdr V="0"/>
				<Adr1 V="XXXXXX"/>
				<Adr2 V=""/>
				<Adr3 V=""/>
				<CP V="XXXXXX"/>
				<Ville V="XXXXXX"/>
				<CodRes V="0"/>
			</Adresse>
		</Tiers>
		<Objet V="XXXXXX"/>
		<LigneFacture>
			<DateDebut V="2008-02-01"/>
			<DateFin V="2008-02-29"/>
			<CodeProduit V="130"/>
			<CodeNature V="LO"/>
			<Libelle V="LOYER PRINCIPAL ECHU"/>
			<MtHT V="203.89"/>
			<TauxTVA V="0"/>
			<MtTVA V="0"/>
			<MtTTC V="203.89"/>
			<Ordre V="1"/>
		</LigneFacture>
		<LigneFacture>
			<DateDebut V="2008-02-01"/>
			<DateFin V="2008-02-29"/>
			<CodeProduit V="150"/>
			<CodeNature V="LO"/>
			<Libelle V="LOYER GARAGE"/>
			<MtHT V="30.75"/>
			<TauxTVA V="0"/>
			<MtTVA V="0"/>
			<MtTTC V="30.75"/>
			<Ordre V="2"/>
		</LigneFacture>
		<LigneFacture>
			<DateDebut V="2008-02-01"/>
			<DateFin V="2008-02-29"/>
			<CodeProduit V="160"/>
			<CodeNature V="LO"/>
			<Libelle V="LOYER PARKING"/>
			<MtHT V="4.16"/>
			<TauxTVA V="0"/>
			<MtTVA V="0"/>
			<MtTTC V="4.16"/>
			<Ordre V="3"/>
		</LigneFacture>
		<LigneFacture>
			<DateDebut V="2008-02-01"/>
			<DateFin V="2008-02-29"/>
			<CodeProduit V="215"/>
			<CodeNature V="PC"/>
			<Libelle V="LOCATION REL. CPTEURS EAU F."/>
			<MtHT V=".75"/>
			<TauxTVA V="0"/>
			<MtTVA V="0"/>
			<MtTTC V=".75"/>
			<Ordre V="4"/>
		</LigneFacture>
		<LigneFacture>
			<DateDebut V="2008-02-01"/>
			<DateFin V="2008-02-29"/>
			<CodeProduit V="310"/>
			<CodeNature V="PC"/>
			<Libelle V="PROVISION CH. COMMUNES"/>
			<MtHT V="19.6"/>
			<TauxTVA V="0"/>
			<MtTVA V="0"/>
			<MtTTC V="19.6"/>
			<Ordre V="5"/>
		</LigneFacture>
		<LigneFacture>
			<DateDebut V="2008-02-01"/>
			<DateFin V="2008-02-29"/>
			<CodeProduit V="317"/>
			<CodeNature V="PC"/>
			<Libelle V="PROVISIONS CHARGES GARAGES"/>
			<MtHT V="4.2"/>
			<TauxTVA V="0"/>
			<MtTVA V="0"/>
			<MtTTC V="4.2"/>
			<Ordre V="6"/>
		</LigneFacture>
		<LigneFacture>
			<DateDebut V="2008-02-01"/>
			<DateFin V="2008-02-29"/>
			<CodeProduit V="320"/>
			<CodeNature V="PC"/>
			<Libelle V="PROVISION EAU CHAUDE"/>
			<MtHT V="17"/>
			<TauxTVA V="0"/>
			<MtTVA V="0"/>
			<MtTTC V="17"/>
			<Ordre V="7"/>
		</LigneFacture>
		<LigneFacture>
			<DateDebut V="2008-02-01"/>
			<DateFin V="2008-02-29"/>
			<CodeProduit V="330"/>
			<CodeNature V="PC"/>
			<Libelle V="PROVISION CHAUFFAGE"/>
			<MtHT V="41.2"/>
			<TauxTVA V="0"/>
			<MtTVA V="0"/>
			<MtTTC V="41.2"/>
			<Ordre V="8"/>
		</LigneFacture>
		<LigneFacture>
			<DateDebut V="2008-02-01"/>
			<DateFin V="2008-02-29"/>
			<CodeProduit V="350"/>
			<CodeNature V="PC"/>
			<Libelle V="PROVISION EAU FROIDE"/>
			<MtHT V="15.85"/>
			<TauxTVA V="0"/>
			<MtTVA V="0"/>
			<MtTTC V="15.85"/>
			<Ordre V="9"/>
		</LigneFacture>
		<LigneFacture>
			<DateDebut V="2008-02-01"/>
			<DateFin V="2008-02-29"/>
			<CodeProduit V="360"/>
			<CodeNature V="PC"/>
			<Libelle V="PROVISION ASCENSEUR"/>
			<MtHT V="8.28"/>
			<TauxTVA V="0"/>
			<MtTVA V="0"/>
			<MtTTC V="8.28"/>
			<Ordre V="10"/>
		</LigneFacture>
		<LigneFacture>
			<DateDebut V="2008-02-01"/>
			<DateFin V="2008-02-29"/>
			<CodeProduit V="650"/>
			<CodeNature V="PC"/>
			<Libelle V=" TAXE ENLEVT DECHETS MENAGERS"/>
			<MtHT V="2.98"/>
			<TauxTVA V="0"/>
			<MtTVA V="0"/>
			<MtTTC V="2.98"/>
			<Ordre V="11"/>
		</LigneFacture>
		<LigneFacture>
			<DateDebut V="2008-02-01"/>
			<DateFin V="2008-02-29"/>
			<CodeProduit V="715"/>
			<CodeNature V="PC"/>
			<Libelle V="LOCATION REL. CPTEURS EAU C."/>
			<MtHT V=".65"/>
			<TauxTVA V="0"/>
			<MtTVA V="0"/>
			<MtTTC V=".65"/>
			<Ordre V="12"/>
		</LigneFacture>
		<TotalAPayer>
			<MtTotalHT V="349.31"/>
			<MtTotalTVA V="0"/>
			<MtTotalTTC V="349.31"/>
		</TotalAPayer>
		<ModalitesReglement V="Non pr�cis�"/>
		<ConditionsGen V=""/>
	</FactureIndiv>
	<FactureIndiv>
		<TypeFact V="QUITTANCE"/>
		<DateEmission V="2008-02-01"/>
		<NumeroFacture V="L6306030-200802"/>
		<Debiteur>
			<InfoTiers>
				<IdTiers V="L6306030"/>
				<CatTiers V="01"/>
				<NatJur V="01"/>
				<Civilite V="Mme &amp; M."/>
				<Nom V="XXXXXX"/>
			</InfoTiers>
			<Adresse>
				<TypAdr V="0"/>
				<Adr1 V="XXXXXX"/>
				<Adr2 V=""/>
				<Adr3 V=""/>
				<CP V="XXXXXX"/>
				<Ville V="XXXXXX"/>
				<CodRes V="0"/>
			</Adresse>
		</Debiteur>
		<Tiers>
			<TypeTiersFacture V="10"/>
			<InfoTiers>
				<IdTiers V="BB1 0651"/>
				<CatTiers V="01"/>
				<NatJur V="01"/>
				<Civilite V="Mme &amp; M."/>
				<Nom V="XXXXXX"/>
			</InfoTiers>
			<Adresse>
				<TypAdr V="0"/>
				<Adr1 V="XXXXXX"/>
				<Adr2 V=""/>
				<Adr3 V=""/>
				<CP V="XXXXXX"/>
				<Ville V="XXXXXX"/>
				<CodRes V="0"/>
			</Adresse>
		</Tiers>
		<Objet V="XXXXXX"/>
		<LigneFacture>
			<DateDebut V="2008-02-01"/>
			<DateFin V="2008-02-29"/>
			<CodeProduit V="130"/>
			<CodeNature V="LO"/>
			<Libelle V="LOYER PRINCIPAL ECHU"/>
			<MtHT V="364.82"/>
			<TauxTVA V="0"/>
			<MtTVA V="0"/>
			<MtTTC V="364.82"/>
			<Ordre V="1"/>
		</LigneFacture>
		<LigneFacture>
			<DateDebut V="2008-02-01"/>
			<DateFin V="2008-02-29"/>
			<CodeProduit V="150"/>
			<CodeNature V="LO"/>
			<Libelle V="LOYER GARAGE"/>
			<MtHT V="22.86"/>
			<TauxTVA V="0"/>
			<MtTVA V="0"/>
			<MtTTC V="22.86"/>
			<Ordre V="2"/>
		</LigneFacture>
		<LigneFacture>
			<DateDebut V="2008-02-01"/>
			<DateFin V="2008-02-29"/>
			<CodeProduit V="215"/>
			<CodeNature V="PC"/>
			<Libelle V="LOCATION REL. CPTEURS EAU F."/>
			<MtHT V="1.5"/>
			<TauxTVA V="0"/>
			<MtTVA V="0"/>
			<MtTTC V="1.5"/>
			<Ordre V="3"/>
		</LigneFacture>
		<LigneFacture>
			<DateDebut V="2008-02-01"/>
			<DateFin V="2008-02-29"/>
			<CodeProduit V="310"/>
			<CodeNature V="PC"/>
			<Libelle V="PROVISION CH. COMMUNES"/>
			<MtHT V="33"/>
			<TauxTVA V="0"/>
			<MtTVA V="0"/>
			<MtTTC V="33"/>
			<Ordre V="4"/>
		</LigneFacture>
		<LigneFacture>
			<DateDebut V="2008-02-01"/>
			<DateFin V="2008-02-29"/>
			<CodeProduit V="317"/>
			<CodeNature V="PC"/>
			<Libelle V="PROVISIONS CHARGES GARAGES"/>
			<MtHT V="3.19"/>
			<TauxTVA V="0"/>
			<MtTVA V="0"/>
			<MtTTC V="3.19"/>
			<Ordre V="5"/>
		</LigneFacture>
		<LigneFacture>
			<DateDebut V="2008-02-01"/>
			<DateFin V="2008-02-29"/>
			<CodeProduit V="320"/>
			<CodeNature V="PC"/>
			<Libelle V="PROVISION EAU CHAUDE"/>
			<MtHT V="16.66"/>
			<TauxTVA V="0"/>
			<MtTVA V="0"/>
			<MtTTC V="16.66"/>
			<Ordre V="6"/>
		</LigneFacture>
		<LigneFacture>
			<DateDebut V="2008-02-01"/>
			<DateFin V="2008-02-29"/>
			<CodeProduit V="330"/>
			<CodeNature V="PC"/>
			<Libelle V="PROVISION CHAUFFAGE"/>
			<MtHT V="60"/>
			<TauxTVA V="0"/>
			<MtTVA V="0"/>
			<MtTTC V="60"/>
			<Ordre V="7"/>
		</LigneFacture>
		<LigneFacture>
			<DateDebut V="2008-02-01"/>
			<DateFin V="2008-02-29"/>
			<CodeProduit V="350"/>
			<CodeNature V="PC"/>
			<Libelle V="PROVISION EAU FROIDE"/>
			<MtHT V="23.12"/>
			<TauxTVA V="0"/>
			<MtTVA V="0"/>
			<MtTTC V="23.12"/>
			<Ordre V="8"/>
		</LigneFacture>
		<LigneFacture>
			<DateDebut V="2008-02-01"/>
			<DateFin V="2008-02-29"/>
			<CodeProduit V="360"/>
			<CodeNature V="PC"/>
			<Libelle V="PROVISION ASCENSEUR"/>
			<MtHT V="7.8"/>
			<TauxTVA V="0"/>
			<MtTVA V="0"/>
			<MtTTC V="7.8"/>
			<Ordre V="9"/>
		</LigneFacture>
		<LigneFacture>
			<DateDebut V="2008-02-01"/>
			<DateFin V="2008-02-29"/>
			<CodeProduit V="650"/>
			<CodeNature V="PC"/>
			<Libelle V=" TAXE ENLEVT DECHETS MENAGERS"/>
			<MtHT V="5.59"/>
			<TauxTVA V="0"/>
			<MtTVA V="0"/>
			<MtTTC V="5.59"/>
			<Ordre V="10"/>
		</LigneFacture>
		<LigneFacture>
			<DateDebut V="2008-02-01"/>
			<DateFin V="2008-02-29"/>
			<CodeProduit V="715"/>
			<CodeNature V="PC"/>
			<Libelle V="LOCATION REL. CPTEURS EAU C."/>
			<MtHT V=".65"/>
			<TauxTVA V="0"/>
			<MtTVA V="0"/>
			<MtTTC V=".65"/>
			<Ordre V="11"/>
		</LigneFacture>
		<LigneFacture>
			<DateDebut V="2008-02-01"/>
			<DateFin V="2008-02-29"/>
			<CodeProduit V="960"/>
			<CodeNature V="PC"/>
			<Libelle V="EMETTEUR"/>
			<MtHT V="27"/>
			<TauxTVA V="0"/>
			<MtTVA V="0"/>
			<MtTTC V="27"/>
			<Ordre V="12"/>
		</LigneFacture>
		<TotalAPayer>
			<MtTotalHT V="566.19"/>
			<MtTotalTVA V="0"/>
			<MtTotalTTC V="566.19"/>
		</TotalAPayer>
		<ModalitesReglement V="PRELEVEMENT"/>
		<ConditionsGen V=""/>
	</FactureIndiv>
	<FactureIndiv>
		<TypeFact V="QUITTANCE"/>
		<DateEmission V="2008-02-01"/>
		<NumeroFacture V="L6307007-200802"/>
		<Debiteur>
			<InfoTiers>
				<IdTiers V="L6307007"/>
				<CatTiers V="01"/>
				<NatJur V="01"/>
				<Civilite V="Mme &amp; M."/>
				<Nom V="XXXXXX"/>
			</InfoTiers>
			<Adresse>
				<TypAdr V="0"/>
				<Adr1 V="XXXXXX"/>
				<Adr2 V=""/>
				<Adr3 V=""/>
				<CP V="XXXXXX"/>
				<Ville V="XXXXXX"/>
				<CodRes V="0"/>
			</Adresse>
		</Debiteur>
		<Tiers>
			<TypeTiersFacture V="10"/>
			<InfoTiers>
				<IdTiers V="A1 0631"/>
				<CatTiers V="01"/>
				<NatJur V="01"/>
				<Civilite V="Mme &amp; M."/>
				<Nom V="XXXXXX"/>
			</InfoTiers>
			<Adresse>
				<TypAdr V="0"/>
				<Adr1 V="XXXXXX"/>
				<Adr2 V=""/>
				<Adr3 V=""/>
				<CP V="XXXXXX"/>
				<Ville V="XXXXXX"/>
				<CodRes V="0"/>
			</Adresse>
		</Tiers>
		<Objet V="XXXXXX"/>
		<LigneFacture>
			<DateDebut V="2008-02-01"/>
			<DateFin V="2008-02-29"/>
			<CodeProduit V="130"/>
			<CodeNature V="LO"/>
			<Libelle V="LOYER PRINCIPAL ECHU"/>
			<MtHT V="265.8"/>
			<TauxTVA V="0"/>
			<MtTVA V="0"/>
			<MtTTC V="265.8"/>
			<Ordre V="1"/>
		</LigneFacture>
		<LigneFacture>
			<DateDebut V="2008-02-01"/>
			<DateFin V="2008-02-29"/>
			<CodeProduit V="150"/>
			<CodeNature V="LO"/>
			<Libelle V="LOYER GARAGE"/>
			<MtHT V="25.38"/>
			<TauxTVA V="0"/>
			<MtTVA V="0"/>
			<MtTTC V="25.38"/>
			<Ordre V="2"/>
		</LigneFacture>
		<LigneFacture>
			<DateDebut V="2008-02-01"/>
			<DateFin V="2008-02-29"/>
			<CodeProduit V="215"/>
			<CodeNature V="PC"/>
			<Libelle V="LOCATION REL. CPTEURS EAU F."/>
			<MtHT V="1.5"/>
			<TauxTVA V="0"/>
			<MtTVA V="0"/>
			<MtTTC V="1.5"/>
			<Ordre V="3"/>
		</LigneFacture>
		<LigneFacture>
			<DateDebut V="2008-02-01"/>
			<DateFin V="2008-02-29"/>
			<CodeProduit V="310"/>
			<CodeNature V="PC"/>
			<Libelle V="PROVISION CH. COMMUNES"/>
			<MtHT V="24.36"/>
			<TauxTVA V="0"/>
			<MtTVA V="0"/>
			<MtTTC V="24.36"/>
			<Ordre V="4"/>
		</LigneFacture>
		<LigneFacture>
			<DateDebut V="2008-02-01"/>
			<DateFin V="2008-02-29"/>
			<CodeProduit V="317"/>
			<CodeNature V="PC"/>
			<Libelle V="PROVISIONS CHARGES GARAGES"/>
			<MtHT V="4.2"/>
			<TauxTVA V="0"/>
			<MtTVA V="0"/>
			<MtTTC V="4.2"/>
			<Ordre V="5"/>
		</LigneFacture>
		<LigneFacture>
			<DateDebut V="2008-02-01"/>
			<DateFin V="2008-02-29"/>
			<CodeProduit V="320"/>
			<CodeNature V="PC"/>
			<Libelle V="PROVISION EAU CHAUDE"/>
			<MtHT V="16.8"/>
			<TauxTVA V="0"/>
			<MtTVA V="0"/>
			<MtTTC V="16.8"/>
			<Ordre V="6"/>
		</LigneFacture>
		<LigneFacture>
			<DateDebut V="2008-02-01"/>
			<DateFin V="2008-02-29"/>
			<CodeProduit V="330"/>
			<CodeNature V="PC"/>
			<Libelle V="PROVISION CHAUFFAGE"/>
			<MtHT V="48.72"/>
			<TauxTVA V="0"/>
			<MtTVA V="0"/>
			<MtTTC V="48.72"/>
			<Ordre V="7"/>
		</LigneFacture>
		<LigneFacture>
			<DateDebut V="2008-02-01"/>
			<DateFin V="2008-02-29"/>
			<CodeProduit V="350"/>
			<CodeNature V="PC"/>
			<Libelle V="PROVISION EAU FROIDE"/>
			<MtHT V="15.82"/>
			<TauxTVA V="0"/>
			<MtTVA V="0"/>
			<MtTTC V="15.82"/>
			<Ordre V="8"/>
		</LigneFacture>
		<LigneFacture>
			<DateDebut V="2008-02-01"/>
			<DateFin V="2008-02-29"/>
			<CodeProduit V="650"/>
			<CodeNature V="PC"/>
			<Libelle V=" TAXE ENLEVT DECHETS MENAGERS"/>
			<MtHT V="4.32"/>
			<TauxTVA V="0"/>
			<MtTVA V="0"/>
			<MtTTC V="4.32"/>
			<Ordre V="9"/>
		</LigneFacture>
		<LigneFacture>
			<DateDebut V="2008-02-01"/>
			<DateFin V="2008-02-29"/>
			<CodeProduit V="715"/>
			<CodeNature V="PC"/>
			<Libelle V="LOCATION REL. CPTEURS EAU C."/>
			<MtHT V=".65"/>
			<TauxTVA V="0"/>
			<MtTVA V="0"/>
			<MtTTC V=".65"/>
			<Ordre V="10"/>
		</LigneFacture>
		<TotalAPayer>
			<MtTotalHT V="407.55"/>
			<MtTotalTVA V="0"/>
			<MtTotalTTC V="407.55"/>
		</TotalAPayer>
		<ModalitesReglement V="PRELEVEMENT"/>
		<ConditionsGen V=""/>
	</FactureIndiv>
	<FactureIndiv>
		<TypeFact V="QUITTANCE"/>
		<DateEmission V="2008-02-01"/>
		<NumeroFacture V="L6404003-200802"/>
		<Debiteur>
			<InfoTiers>
				<IdTiers V="L6404003"/>
				<CatTiers V="01"/>
				<NatJur V="01"/>
				<Civilite V="Mme &amp; M."/>
				<Nom V="XXXXXX"/>
			</InfoTiers>
			<Adresse>
				<TypAdr V="0"/>
				<Adr1 V="XXXXXX"/>
				<Adr2 V=""/>
				<Adr3 V=""/>
				<CP V="XXXXXX"/>
				<Ville V="XXXXXX"/>
				<CodRes V="0"/>
			</Adresse>
		</Debiteur>
		<Tiers>
			<TypeTiersFacture V="10"/>
			<InfoTiers>
				<IdTiers V="BA1 0232"/>
				<CatTiers V="01"/>
				<NatJur V="01"/>
				<Civilite V="Mme &amp; M."/>
				<Nom V="XXXXXX"/>
			</InfoTiers>
			<Adresse>
				<TypAdr V="0"/>
				<Adr1 V="XXXXXX"/>
				<Adr2 V=""/>
				<Adr3 V=""/>
				<CP V="XXXXXX"/>
				<Ville V="XXXXXX"/>
				<CodRes V="0"/>
			</Adresse>
		</Tiers>
		<Objet V="XXXXXX"/>
		<LigneFacture>
			<DateDebut V="2008-02-01"/>
			<DateFin V="2008-02-29"/>
			<CodeProduit V="130"/>
			<CodeNature V="LO"/>
			<Libelle V="LOYER PRINCIPAL ECHU"/>
			<MtHT V="287.45"/>
			<TauxTVA V="0"/>
			<MtTVA V="0"/>
			<MtTTC V="287.45"/>
			<Ordre V="1"/>
		</LigneFacture>
		<LigneFacture>
			<DateDebut V="2008-02-01"/>
			<DateFin V="2008-02-29"/>
			<CodeProduit V="150"/>
			<CodeNature V="LO"/>
			<Libelle V="LOYER GARAGE"/>
			<MtHT V="30.14"/>
			<TauxTVA V="0"/>
			<MtTVA V="0"/>
			<MtTTC V="30.14"/>
			<Ordre V="2"/>
		</LigneFacture>
		<LigneFacture>
			<DateDebut V="2008-02-01"/>
			<DateFin V="2008-02-29"/>
			<CodeProduit V="150"/>
			<CodeNature V="LO"/>
			<Libelle V="LOYER GARAGE"/>
			<MtHT V="30.14"/>
			<TauxTVA V="0"/>
			<MtTVA V="0"/>
			<MtTTC V="30.14"/>
			<Ordre V="3"/>
		</LigneFacture>
		<LigneFacture>
			<DateDebut V="2008-02-01"/>
			<DateFin V="2008-02-29"/>
			<CodeProduit V="215"/>
			<CodeNature V="PC"/>
			<Libelle V="LOCATION REL. CPTEURS EAU F."/>
			<MtHT V="1.5"/>
			<TauxTVA V="0"/>
			<MtTVA V="0"/>
			<MtTTC V="1.5"/>
			<Ordre V="4"/>
		</LigneFacture>
		<LigneFacture>
			<DateDebut V="2008-02-01"/>
			<DateFin V="2008-02-29"/>
			<CodeProduit V="310"/>
			<CodeNature V="PC"/>
			<Libelle V="PROVISION CH. COMMUNES"/>
			<MtHT V="28"/>
			<TauxTVA V="0"/>
			<MtTVA V="0"/>
			<MtTTC V="28"/>
			<Ordre V="5"/>
		</LigneFacture>
		<LigneFacture>
			<DateDebut V="2008-02-01"/>
			<DateFin V="2008-02-29"/>
			<CodeProduit V="317"/>
			<CodeNature V="PC"/>
			<Libelle V="PROVISIONS CHARGES GARAGES"/>
			<MtHT V="4.2"/>
			<TauxTVA V="0"/>
			<MtTVA V="0"/>
			<MtTTC V="4.2"/>
			<Ordre V="6"/>
		</LigneFacture>
		<LigneFacture>
			<DateDebut V="2008-02-01"/>
			<DateFin V="2008-02-29"/>
			<CodeProduit V="317"/>
			<CodeNature V="PC"/>
			<Libelle V="PROVISIONS CHARGES GARAGES"/>
			<MtHT V="4.2"/>
			<TauxTVA V="0"/>
			<MtTVA V="0"/>
			<MtTTC V="4.2"/>
			<Ordre V="7"/>
		</LigneFacture>
		<LigneFacture>
			<DateDebut V="2008-02-01"/>
			<DateFin V="2008-02-29"/>
			<CodeProduit V="320"/>
			<CodeNature V="PC"/>
			<Libelle V="PROVISION EAU CHAUDE"/>
			<MtHT V="20.1"/>
			<TauxTVA V="0"/>
			<MtTVA V="0"/>
			<MtTTC V="20.1"/>
			<Ordre V="8"/>
		</LigneFacture>
		<LigneFacture>
			<DateDebut V="2008-02-01"/>
			<DateFin V="2008-02-29"/>
			<CodeProduit V="330"/>
			<CodeNature V="PC"/>
			<Libelle V="PROVISION CHAUFFAGE"/>
			<MtHT V="58.24"/>
			<TauxTVA V="0"/>
			<MtTVA V="0"/>
			<MtTTC V="58.24"/>
			<Ordre V="9"/>
		</LigneFacture>
		<LigneFacture>
			<DateDebut V="2008-02-01"/>
			<DateFin V="2008-02-29"/>
			<CodeProduit V="350"/>
			<CodeNature V="PC"/>
			<Libelle V="PROVISION EAU FROIDE"/>
			<MtHT V="27.07"/>
			<TauxTVA V="0"/>
			<MtTVA V="0"/>
			<MtTTC V="27.07"/>
			<Ordre V="10"/>
		</LigneFacture>
		<LigneFacture>
			<DateDebut V="2008-02-01"/>
			<DateFin V="2008-02-29"/>
			<CodeProduit V="650"/>
			<CodeNature V="PC"/>
			<Libelle V=" TAXE ENLEVT DECHETS MENAGERS"/>
			<MtHT V="4.17"/>
			<TauxTVA V="0"/>
			<MtTVA V="0"/>
			<MtTTC V="4.17"/>
			<Ordre V="11"/>
		</LigneFacture>
		<LigneFacture>
			<DateDebut V="2008-02-01"/>
			<DateFin V="2008-02-29"/>
			<CodeProduit V="715"/>
			<CodeNature V="PC"/>
			<Libelle V="LOCATION REL. CPTEURS EAU C."/>
			<MtHT V=".65"/>
			<TauxTVA V="0"/>
			<MtTVA V="0"/>
			<MtTTC V=".65"/>
			<Ordre V="12"/>
		</LigneFacture>
		<TotalAPayer>
			<MtTotalHT V="495.86"/>
			<MtTotalTVA V="0"/>
			<MtTotalTTC V="495.86"/>
		</TotalAPayer>
		<ModalitesReglement V="PRELEVEMENT"/>
		<ConditionsGen V=""/>
	</FactureIndiv>
	<FactureIndiv>
		<TypeFact V="QUITTANCE"/>
		<DateEmission V="2008-02-01"/>
		<NumeroFacture V="L6502004-200802"/>
		<Debiteur>
			<InfoTiers>
				<IdTiers V="L6502004"/>
				<CatTiers V="01"/>
				<NatJur V="01"/>
				<Civilite V="Mme &amp; M."/>
				<Nom V="XXXXXX"/>
			</InfoTiers>
			<Adresse>
				<TypAdr V="0"/>
				<Adr1 V="XXXXXX"/>
				<Adr2 V=""/>
				<Adr3 V=""/>
				<CP V="XXXXXX"/>
				<Ville V="XXXXXX"/>
				<CodRes V="0"/>
			</Adresse>
		</Debiteur>
		<Tiers>
			<TypeTiersFacture V="10"/>
			<InfoTiers>
				<IdTiers V="BC1 0641"/>
				<CatTiers V="01"/>
				<NatJur V="01"/>
				<Civilite V="Mme &amp; M."/>
				<Nom V="XXXXXX"/>
			</InfoTiers>
			<Adresse>
				<TypAdr V="0"/>
				<Adr1 V="XXXXXX"/>
				<Adr2 V=""/>
				<Adr3 V=""/>
				<CP V="XXXXXX"/>
				<Ville V="XXXXXX"/>
				<CodRes V="0"/>
			</Adresse>
		</Tiers>
		<Objet V="XXXXXX"/>
		<LigneFacture>
			<DateDebut V="2008-02-01"/>
			<DateFin V="2008-02-29"/>
			<CodeProduit V="130"/>
			<CodeNature V="LO"/>
			<Libelle V="LOYER PRINCIPAL ECHU"/>
			<MtHT V="309.19"/>
			<TauxTVA V="0"/>
			<MtTVA V="0"/>
			<MtTTC V="309.19"/>
			<Ordre V="1"/>
		</LigneFacture>
		<LigneFacture>
			<DateDebut V="2008-02-01"/>
			<DateFin V="2008-02-29"/>
			<CodeProduit V="150"/>
			<CodeNature V="LO"/>
			<Libelle V="LOYER GARAGE"/>
			<MtHT V="25.38"/>
			<TauxTVA V="0"/>
			<MtTVA V="0"/>
			<MtTTC V="25.38"/>
			<Ordre V="2"/>
		</LigneFacture>
		<LigneFacture>
			<DateDebut V="2008-02-01"/>
			<DateFin V="2008-02-29"/>
			<CodeProduit V="215"/>
			<CodeNature V="PC"/>
			<Libelle V="LOCATION REL. CPTEURS EAU F."/>
			<MtHT V="1.5"/>
			<TauxTVA V="0"/>
			<MtTVA V="0"/>
			<MtTTC V="1.5"/>
			<Ordre V="3"/>
		</LigneFacture>
		<LigneFacture>
			<DateDebut V="2008-02-01"/>
			<DateFin V="2008-02-29"/>
			<CodeProduit V="310"/>
			<CodeNature V="PC"/>
			<Libelle V="PROVISION CH. COMMUNES"/>
			<MtHT V="25.8"/>
			<TauxTVA V="0"/>
			<MtTVA V="0"/>
			<MtTTC V="25.8"/>
			<Ordre V="4"/>
		</LigneFacture>
		<LigneFacture>
			<DateDebut V="2008-02-01"/>
			<DateFin V="2008-02-29"/>
			<CodeProduit V="317"/>
			<CodeNature V="PC"/>
			<Libelle V="PROVISIONS CHARGES GARAGES"/>
			<MtHT V="4.2"/>
			<TauxTVA V="0"/>
			<MtTVA V="0"/>
			<MtTTC V="4.2"/>
			<Ordre V="5"/>
		</LigneFacture>
		<LigneFacture>
			<DateDebut V="2008-02-01"/>
			<DateFin V="2008-02-29"/>
			<CodeProduit V="320"/>
			<CodeNature V="PC"/>
			<Libelle V="PROVISION EAU CHAUDE"/>
			<MtHT V="8.13"/>
			<TauxTVA V="0"/>
			<MtTVA V="0"/>
			<MtTTC V="8.13"/>
			<Ordre V="6"/>
		</LigneFacture>
		<LigneFacture>
			<DateDebut V="2008-02-01"/>
			<DateFin V="2008-02-29"/>
			<CodeProduit V="330"/>
			<CodeNature V="PC"/>
			<Libelle V="PROVISION CHAUFFAGE"/>
			<MtHT V="57"/>
			<TauxTVA V="0"/>
			<MtTVA V="0"/>
			<MtTTC V="57"/>
			<Ordre V="7"/>
		</LigneFacture>
		<LigneFacture>
			<DateDebut V="2008-02-01"/>
			<DateFin V="2008-02-29"/>
			<CodeProduit V="350"/>
			<CodeNature V="PC"/>
			<Libelle V="PROVISION EAU FROIDE"/>
			<MtHT V="16.39"/>
			<TauxTVA V="0"/>
			<MtTVA V="0"/>
			<MtTTC V="16.39"/>
			<Ordre V="8"/>
		</LigneFacture>
		<LigneFacture>
			<DateDebut V="2008-02-01"/>
			<DateFin V="2008-02-29"/>
			<CodeProduit V="360"/>
			<CodeNature V="PC"/>
			<Libelle V="PROVISION ASCENSEUR"/>
			<MtHT V="6.21"/>
			<TauxTVA V="0"/>
			<MtTVA V="0"/>
			<MtTTC V="6.21"/>
			<Ordre V="9"/>
		</LigneFacture>
		<LigneFacture>
			<DateDebut V="2008-02-01"/>
			<DateFin V="2008-02-29"/>
			<CodeProduit V="650"/>
			<CodeNature V="PC"/>
			<Libelle V=" TAXE ENLEVT DECHETS MENAGERS"/>
			<MtHT V="4.47"/>
			<TauxTVA V="0"/>
			<MtTVA V="0"/>
			<MtTTC V="4.47"/>
			<Ordre V="10"/>
		</LigneFacture>
		<LigneFacture>
			<DateDebut V="2008-02-01"/>
			<DateFin V="2008-02-29"/>
			<CodeProduit V="715"/>
			<CodeNature V="PC"/>
			<Libelle V="LOCATION REL. CPTEURS EAU C."/>
			<MtHT V=".65"/>
			<TauxTVA V="0"/>
			<MtTVA V="0"/>
			<MtTTC V=".65"/>
			<Ordre V="11"/>
		</LigneFacture>
		<TotalAPayer>
			<MtTotalHT V="458.92"/>
			<MtTotalTVA V="0"/>
			<MtTotalTTC V="458.92"/>
		</TotalAPayer>
		<ModalitesReglement V="PRELEVEMENT"/>
		<ConditionsGen V=""/>
	</FactureIndiv>
	<Nomenclatures>
		<NomenclatureProduit>
			<Description V="Rubrique de quittancement"/>
			<Correspondance>
				<Libelle V="REMB. CAUTION"/>
				<Code V="11"/>
			</Correspondance>
			<Correspondance>
				<Libelle V="LOYER ATELIER D&apos;ARTISTE"/>
				<Code V="110"/>
			</Correspondance>
			<Correspondance>
				<Libelle V="LOYER LOGEMENT &amp; ATELIER"/>
				<Code V="112"/>
			</Correspondance>
			<Correspondance>
				<Libelle V="LOYER PRINCIPAL ECHU"/>
				<Code V="130"/>
			</Correspondance>
			<Correspondance>
				<Libelle V="LOYER PRINCIPAL ECHU"/>
				<Code V="136"/>
			</Correspondance>
			<Correspondance>
				<Libelle V="INDEMNITE OCCUP. SANS TITRE"/>
				<Code V="137"/>
			</Correspondance>
			<Correspondance>
				<Libelle V="LOYER GARAGE"/>
				<Code V="150"/>
			</Correspondance>
			<Correspondance>
				<Libelle V="INDEM OCCUPATION SANS TITRE"/>
				<Code V="157"/>
			</Correspondance>
			<Correspondance>
				<Libelle V="LOYER PARKING"/>
				<Code V="160"/>
			</Correspondance>
			<Correspondance>
				<Libelle V="LOYER PARKING"/>
				<Code V="166"/>
			</Correspondance>
			<Correspondance>
				<Libelle V="INDEM-OCCUPATION-SANS-TITRE"/>
				<Code V="167"/>
			</Correspondance>
			<Correspondance>
				<Libelle V="LOYER COMMERCIAL"/>
				<Code V="170"/>
			</Correspondance>
			<Correspondance>
				<Libelle V="LOYER COMMERCIAL INDICE"/>
				<Code V="173"/>
			</Correspondance>
			<Correspondance>
				<Libelle V="LOCATION REL. CPTEURS EAU F."/>
				<Code V="215"/>
			</Correspondance>
			<Correspondance>
				<Libelle V="ACCORD COLLECTIF VOLET"/>
				<Code V="225"/>
			</Correspondance>
			<Correspondance>
				<Libelle V="GRILLE OUVRAGEE"/>
				<Code V="226"/>
			</Correspondance>
			<Correspondance>
				<Libelle V="REDEVANCE"/>
				<Code V="255"/>
			</Correspondance>
			<Correspondance>
				<Libelle V="LOCATION ANTENNE"/>
				<Code V="260"/>
			</Correspondance>
			<Correspondance>
				<Libelle V="PROVISION CH. COMMUNES"/>
				<Code V="310"/>
			</Correspondance>
			<Correspondance>
				<Libelle V="PROVISIONS CHARGES GARAGES"/>
				<Code V="317"/>
			</Correspondance>
			<Correspondance>
				<Libelle V="PROVISION EAU CHAUDE"/>
				<Code V="320"/>
			</Correspondance>
			<Correspondance>
				<Libelle V="PROVISION CHAUFFAGE"/>
				<Code V="330"/>
			</Correspondance>
			<Correspondance>
				<Libelle V="PROVISION EAU FROIDE"/>
				<Code V="350"/>
			</Correspondance>
			<Correspondance>
				<Libelle V="PROVISION ASCENSEUR"/>
				<Code V="360"/>
			</Correspondance>
			<Correspondance>
				<Libelle V="REMB.PROVISION ASCENSEUR"/>
				<Code V="365"/>
			</Correspondance>
			<Correspondance>
				<Libelle V="REGULARISATION EAU FROIDE"/>
				<Code V="400"/>
			</Correspondance>
			<Correspondance>
				<Libelle V="REGULARISATION CHAUFFAGE"/>
				<Code V="430"/>
			</Correspondance>
			<Correspondance>
				<Libelle V="REGUL CHAUFFAGE EXERCICE ANT -"/>
				<Code V="432"/>
			</Correspondance>
			<Correspondance>
				<Libelle V="REGUL. CHARGES.+"/>
				<Code V="450"/>
			</Correspondance>
			<Correspondance>
				<Libelle V="REGUL CHARGES.-"/>
				<Code V="453"/>
			</Correspondance>
			<Correspondance>
				<Libelle V="REGUL. ASCENSEUR .+"/>
				<Code V="460"/>
			</Correspondance>
			<Correspondance>
				<Libelle V="REGUL ASCENSEUR.-"/>
				<Code V="461"/>
			</Correspondance>
			<Correspondance>
				<Libelle V="REPARATION LOCATIVE"/>
				<Code V="480"/>
			</Correspondance>
			<Correspondance>
				<Libelle V="REGULARISATION EAU CHAUDE"/>
				<Code V="500"/>
			</Correspondance>
			<Correspondance>
				<Libelle V="FRAIS DE POURSUITE"/>
				<Code V="540"/>
			</Correspondance>
			<Correspondance>
				<Libelle V="FRAIS D&apos;ACTE HUISSIER"/>
				<Code V="541"/>
			</Correspondance>
			<Correspondance>
				<Libelle V="TRAVAUX ENTREPRISES"/>
				<Code V="560"/>
			</Correspondance>
			<Correspondance>
				<Libelle V="REGUL EAU FROIDE E. LIEUX"/>
				<Code V="570"/>
			</Correspondance>
			<Correspondance>
				<Libelle V="REPARATIONS REGIE E. LIEUX"/>
				<Code V="590"/>
			</Correspondance>
			<Correspondance>
				<Libelle V="CLE MAGNETIQUE"/>
				<Code V="620"/>
			</Correspondance>
			<Correspondance>
				<Libelle V="REPARATIONS"/>
				<Code V="640"/>
			</Correspondance>
			<Correspondance>
				<Libelle V=" TAXE ENLEVT DECHETS MENAGERS"/>
				<Code V="650"/>
			</Correspondance>
			<Correspondance>
				<Libelle V="REG TAX ENLEV ORD MENAGERES +"/>
				<Code V="651"/>
			</Correspondance>
			<Correspondance>
				<Libelle V="REG TAXE ENLEV ORD MENAGERS -"/>
				<Code V="652"/>
			</Correspondance>
			<Correspondance>
				<Libelle V="TRAVAUX ENTREPRISES"/>
				<Code V="660"/>
			</Correspondance>
			<Correspondance>
				<Libelle V="A.P.L."/>
				<Code V="680"/>
			</Correspondance>
			<Correspondance>
				<Libelle V="ALLOCATION LOGEMENT"/>
				<Code V="686"/>
			</Correspondance>
			<Correspondance>
				<Libelle V="REGULARISATION APL"/>
				<Code V="690"/>
			</Correspondance>
			<Correspondance>
				<Libelle V="LOCATION REL. CPTEURS EAU C."/>
				<Code V="715"/>
			</Correspondance>
			<Correspondance>
				<Libelle V="PROV.D.MEHAIGNERIE GARDIENS"/>
				<Code V="820"/>
			</Correspondance>
			<Correspondance>
				<Libelle V="REGUL.D.MEHAIGNERIE GARDIENS+"/>
				<Code V="821"/>
			</Correspondance>
			<Correspondance>
				<Libelle V="REGUL.D.MEHAIGNERIE GARDIENS-"/>
				<Code V="822"/>
			</Correspondance>
			<Correspondance>
				<Libelle V="REGUL.COMPTEURS EAU FROIDE -"/>
				<Code V="850"/>
			</Correspondance>
			<Correspondance>
				<Libelle V="REGUL COMPTEURS EAU CHAUDE -"/>
				<Code V="851"/>
			</Correspondance>
			<Correspondance>
				<Libelle V="REGUL.COMPTEURS EAU FROIDE.+"/>
				<Code V="852"/>
			</Correspondance>
			<Correspondance>
				<Libelle V="REGUL COMPTEURS EAU CHAUDE.+"/>
				<Code V="853"/>
			</Correspondance>
			<Correspondance>
				<Libelle V="REDEVANCE FOYER SOLEIL"/>
				<Code V="870"/>
			</Correspondance>
			<Correspondance>
				<Libelle V="EMETTEUR"/>
				<Code V="960"/>
			</Correspondance>
			<Correspondance>
				<Libelle V="LOYER PRINCIPAL ECHU"/>
				<Code V="8130"/>
			</Correspondance>
			<Correspondance>
				<Libelle V="LOYER GARAGE"/>
				<Code V="8150"/>
			</Correspondance>
			<Correspondance>
				<Libelle V="LOCATION REL CPT EAU FROIDE"/>
				<Code V="8215"/>
			</Correspondance>
			<Correspondance>
				<Libelle V=" CHARGES"/>
				<Code V="8310"/>
			</Correspondance>
			<Correspondance>
				<Libelle V="PROVISION EAU CHAUDE"/>
				<Code V="8320"/>
			</Correspondance>
			<Correspondance>
				<Libelle V="PROVISION CHAUFFAGE"/>
				<Code V="8330"/>
			</Correspondance>
			<Correspondance>
				<Libelle V="PROVISION EAU FROIDE"/>
				<Code V="8350"/>
			</Correspondance>
			<Correspondance>
				<Libelle V="PROVISION ASCENSEUR"/>
				<Code V="8360"/>
			</Correspondance>
			<Correspondance>
				<Libelle V="TAXE ORDURES MENAGERES"/>
				<Code V="8652"/>
			</Correspondance>
			<Correspondance>
				<Libelle V="LOCATION REL CPTEURS EAU C"/>
				<Code V="8715"/>
			</Correspondance>
			<Correspondance>
				<Libelle V="REMB ASCENSEUR S/ANNEES ANT"/>
				<Code V="9212"/>
			</Correspondance>
		</NomenclatureProduit>
		<NomenclatureNature>
			<Description V="Natures de rubrique de quittancement"/>
			<Correspondance>
				<Libelle V="A.P.L."/>
				<Code V="AP"/>
			</Correspondance>
			<Correspondance>
				<Libelle V="DEPOT DE GARANTIE"/>
				<Code V="DG"/>
			</Correspondance>
			<Correspondance>
				<Libelle V="LOYER"/>
				<Code V="LO"/>
			</Correspondance>
			<Correspondance>
				<Libelle V="PROVISIONS &amp; CHARGES"/>
				<Code V="PC"/>
			</Correspondance>
		</NomenclatureNature>
		<NomenclatureBudget>
			<Description V="Budget"/>
			<Correspondance>
				<Libelle V="BUDGET GENERAL"/>
				<Code V="1"/>
			</Correspondance>
			<Correspondance>
				<Libelle V="BUDGET ANNEXE 1 A FRANCE"/>
				<Code V="2"/>
			</Correspondance>
			<Correspondance>
				<Libelle V="BUDGET ANNEXE 2 GARAGES ROB"/>
				<Code V="3"/>
			</Correspondance>
		</NomenclatureBudget>
	</Nomenclatures>
</n:PESFacture>