<?xml version="1.0" encoding="UTF-8"?>
<?xml-stylesheet href="./CSS_EtatFrais_V01.01.03/EtatFrais.xsl" type="text/xsl"?>
<ef:EtatsFrais CODE_APPLI="ULY001" 
    
    xmlns:ef="urn:DGFIP:EtatsFrais" 
    xmlns:inv="urn:oasis:names:specification:ubl:schema:xsd:Invoice-2" 
    xmlns:cbc="urn:oasis:names:specification:ubl:schema:xsd:CommonBasicComponents-2" 
    xmlns:cac="urn:oasis:names:specification:ubl:schema:xsd:CommonAggregateComponents-2" 
    xmlns:cec="urn:oasis:names:specification:ubl:schema:xsd:CommonExtensionComponents-2" 
    xmlns:dgfip="urn:DGFIP:EtatFrais:OrdreMission" 
    xmlns:xsi="http://www.w3.org/2001/XMLSchema-instance" 
    VersionCSS="01.01.04">
    
    <ef:Invoice>
        <cec:UBLExtensions>
            <cec:UBLExtension>
                <cec:ExtensionAgencyID>DGFIP</cec:ExtensionAgencyID>
                <cec:ExtensionURI>DGFIP:EtatFrais:OrdreMission</cec:ExtensionURI>
                <cec:ExtensionContent>
                    <dgfip:EtatFraisExtension>
                        <dgfip:OrdreMission>
                            <dgfip:ID>20081031-01</dgfip:ID>
                            <dgfip:Valideur>
                                <cac:PartyIdentification>
                                    <cbc:ID>169127599999999</cbc:ID>
                                </cac:PartyIdentification>
                                <cac:Person>
                                    <cbc:FirstName>Michel</cbc:FirstName>
                                    <cbc:FamilyName>DUPOND</cbc:FamilyName>
                                    <cbc:Title>M</cbc:Title>
                                    <cbc:JobTitle>Directeur</cbc:JobTitle>
                                    <cbc:OrganizationDepartment>Service des études</cbc:OrganizationDepartment>
                                </cac:Person>
                            </dgfip:Valideur>
                            <dgfip:DateValidation>2008-10-30</dgfip:DateValidation>
                            <dgfip:NatureOM>MISSION</dgfip:NatureOM>
                            <dgfip:MotifDeplacement>épreuves écrites du concours d'inspecteur principal</dgfip:MotifDeplacement>
                            <dgfip:FaitGenerateur>
                                <dgfip:Type>CONVOCATION</dgfip:Type>
                                <dgfip:Reference>Reférence fait générateur</dgfip:Reference>
                                <dgfip:Date>2010-01-02</dgfip:Date>
                                <dgfip:DureeOM>PERMANENT</dgfip:DureeOM>
                            </dgfip:FaitGenerateur>
                            <dgfip:MoyenTransportAutorise ClasseAutorisee="classe économique">Avion A320</dgfip:MoyenTransportAutorise>
                            <dgfip:LieuDeplacement Commune="Marseille" CP="13001"/>
                            <dgfip:LieuDepart Commune="Meudon la forêt" CP="92360"/>
                            <dgfip:Lieurrivee Commune="Meudon la forêt" CP="92360"/>
                            <dgfip:DateDepart>2008-10-31 06:00</dgfip:DateDepart>
                            <dgfip:DateRetour>2008-11-02 21:19</dgfip:DateRetour>
                            <dgfip:Agent>
                                <dgfip:EmploiFonction>Ingénieur</dgfip:EmploiFonction>
                                <dgfip:Statut>CIVIL</dgfip:Statut>
                                <dgfip:SituationFamille>MARIE</dgfip:SituationFamille>
                                <dgfip:NbEnfants>2</dgfip:NbEnfants>
                                <dgfip:Grade>Ingénieur contractuel</dgfip:Grade>
                                <dgfip:AgentChorus>
                                    <dgfip:TypeTiers>ZCPD</dgfip:TypeTiers>
                                    <dgfip:IdChorusTiers>ABCDE</dgfip:IdChorusTiers>
                                </dgfip:AgentChorus>
                                <dgfip:TypePersonne>AGENT</dgfip:TypePersonne>
                            </dgfip:Agent>
                        </dgfip:OrdreMission>
                        <dgfip:EtatFrais>
                            <dgfip:ComptableAssignataire>946000</dgfip:ComptableAssignataire>
                            <dgfip:TotalFraisTransport>160</dgfip:TotalFraisTransport>
                            <dgfip:TotalIndemnitesSejour>242</dgfip:TotalIndemnitesSejour>
                            <dgfip:Valideur>
                                <cac:PartyIdentification>
                                    <cbc:ID>1234567890</cbc:ID>
                                </cac:PartyIdentification>
                                <cac:Person>
                                    <cbc:FirstName>MARIE</cbc:FirstName>
                                    <cbc:FamilyName>CHARENTON</cbc:FamilyName>
                                    <cbc:Title>MME</cbc:Title>
                                </cac:Person>
                            </dgfip:Valideur>
                            <dgfip:EtatFraisChorus>
                                <dgfip:Societe>ABCD</dgfip:Societe>
                                <dgfip:DomaineActivite>0123</dgfip:DomaineActivite>
                            </dgfip:EtatFraisChorus>
                            <dgfip:LibelleCollectivite>Libelle collectivité 01</dgfip:LibelleCollectivite>
                            <dgfip:SiretBP>COLLEC01</dgfip:SiretBP>
                            <dgfip:CodeBud>9998</dgfip:CodeBud>
                            <dgfip:LibelleBudget>Libelle budget 9998</dgfip:LibelleBudget>
                            <dgfip:IdRef>nom original du fichier XML</dgfip:IdRef>
                        </dgfip:EtatFrais>
                    </dgfip:EtatFraisExtension>
                </cec:ExtensionContent>
            </cec:UBLExtension>
        </cec:UBLExtensions>
        
        <cbc:ID>123456789012</cbc:ID>

        <cbc:IssueDate>2008-11-28</cbc:IssueDate>

        <cbc:InvoiceTypeCode>K1</cbc:InvoiceTypeCode>

        <cac:AccountingSupplierParty>
            <cac:Party>
                <cac:PartyIdentification>
                    <cbc:ID>172103523842107</cbc:ID>
                </cac:PartyIdentification>
                <cac:Person>
                    <cbc:FirstName>Christophe</cbc:FirstName>
                    <cbc:FamilyName>MARCHAND</cbc:FamilyName>
                    <cbc:Title>M</cbc:Title>
                </cac:Person>
                <cac:AgentParty>
                    <cac:PostalAddress>
                        <cbc:CityName>Meudon la forêt</cbc:CityName>
                        <cbc:PostalZone>92360</cbc:PostalZone>
                        <cac:AddressLine>
                            <cbc:Line>40 allée du mail</cbc:Line>
                        </cac:AddressLine>
                        <cac:Country>
                            <cbc:IdentificationCode>FR</cbc:IdentificationCode>
                        </cac:Country>
                    </cac:PostalAddress>
                    <cac:PhysicalLocation>
                        <cac:Address>
                            <cbc:CityName>Noisy le grand cedex</cbc:CityName>
                            <cbc:PostalZone>93193</cbc:PostalZone>
                            <cac:AddressLine>
                                <cbc:Line>Immeuble "Le Maille Nord 3"</cbc:Line>
                            </cac:AddressLine>
                            <cac:AddressLine>
                                <cbc:Line>7 porte de NEUILLY</cbc:Line>
                            </cac:AddressLine>
                            <cac:Country>
                                <cbc:IdentificationCode>FR</cbc:IdentificationCode>
                            </cac:Country>
                        </cac:Address>
                    </cac:PhysicalLocation>
                </cac:AgentParty>
            </cac:Party>
        </cac:AccountingSupplierParty>

        <cac:AccountingCustomerParty>
            <cac:Party>
                <cac:PartyIdentification>
                    <cbc:ID>Ministère des finances</cbc:ID>
                </cac:PartyIdentification>
                <cac:PartyLegalEntity>
                    <cbc:RegistrationName>Direction générale des finances publiques</cbc:RegistrationName>
                    <cac:RegistrationAddress>
                        <cbc:CityName>Noisy le grand cedex</cbc:CityName>
                        <cbc:PostalZone>93193</cbc:PostalZone>
                        <cac:AddressLine>
                            <cbc:Line>Immeuble "Le Maille Nord 3"</cbc:Line>
                        </cac:AddressLine>
                        <cac:AddressLine>
                            <cbc:Line>7 porte de NEUILLY</cbc:Line>
                        </cac:AddressLine>
                        <cac:Country>
                            <cbc:IdentificationCode>FR</cbc:IdentificationCode>
                        </cac:Country>
                    </cac:RegistrationAddress>
                </cac:PartyLegalEntity>
            </cac:Party>
        </cac:AccountingCustomerParty>

        <cac:PaymentMeans>
            <cbc:PaymentMeansCode>V</cbc:PaymentMeansCode>
            <cbc:PaymentChannelCode>IBAN</cbc:PaymentChannelCode>
            <cac:PayeeFinancialAccount>
                <cbc:ID>FR0011111222223333333333344</cbc:ID>
            </cac:PayeeFinancialAccount>
        </cac:PaymentMeans>
        
        <cac:LegalMonetaryTotal>
            <cbc:LineExtensionAmount currencyID="EUR">412</cbc:LineExtensionAmount>
            <cbc:PrepaidAmount currencyID="EUR">50</cbc:PrepaidAmount>
            <cbc:PayableAmount currencyID="EUR">412</cbc:PayableAmount>
        </cac:LegalMonetaryTotal>
        
        <cac:InvoiceLine>
            <cbc:ID>1</cbc:ID>
            <cbc:Note>Prix limité à 60.00 par nuit</cbc:Note>
            <cbc:InvoicedQuantity>2</cbc:InvoicedQuantity>
            <cbc:LineExtensionAmount currencyID="EUR">120</cbc:LineExtensionAmount>
            <cac:Item>
                <cbc:Description>Hotel du Port</cbc:Description>
                <cac:BuyersItemIdentification><cbc:ID>HOTEL</cbc:ID></cac:BuyersItemIdentification>
            </cac:Item>
            <cac:Price>
                <cbc:PriceAmount currencyID="EUR">60</cbc:PriceAmount>
            </cac:Price>
        </cac:InvoiceLine>

        <cac:InvoiceLine>
            <cbc:ID>2</cbc:ID>
            <cbc:Note>Repas limité à 15.25</cbc:Note>
            <cbc:InvoicedQuantity>8</cbc:InvoicedQuantity>
            <cbc:LineExtensionAmount currencyID="EUR">122</cbc:LineExtensionAmount>
            <cac:Item>
                <cbc:Description>Déjeuner</cbc:Description>
                <cac:BuyersItemIdentification><cbc:ID>REPAS</cbc:ID></cac:BuyersItemIdentification>
            </cac:Item>
            <cac:Price>
                <cbc:PriceAmount currencyID="EUR">15.25</cbc:PriceAmount>
            </cac:Price>
        </cac:InvoiceLine>
        <cac:InvoiceLine>
            <cbc:ID>3</cbc:ID>
            <cbc:LineExtensionAmount currencyID="EUR">80.00</cbc:LineExtensionAmount>
            <cac:Item>
                <cbc:Description>Aller Paris Lyon</cbc:Description>
                <cac:BuyersItemIdentification><cbc:ID>TRAIN</cbc:ID></cac:BuyersItemIdentification>
                <cac:AdditionalItemProperty><cbc:Name>LIEU_DEPART_COMMUNE</cbc:Name><cbc:Value>PARIS</cbc:Value></cac:AdditionalItemProperty>
                <cac:AdditionalItemProperty><cbc:Name>LIEU_DEPART_CP</cbc:Name><cbc:Value>75000</cbc:Value></cac:AdditionalItemProperty>
                <cac:AdditionalItemProperty><cbc:Name>LIEU_ARRIVEE_COMMUNE</cbc:Name><cbc:Value>LYON</cbc:Value></cac:AdditionalItemProperty>
                <cac:AdditionalItemProperty><cbc:Name>LIEU_ARRIVEE_CP</cbc:Name><cbc:Value>69000</cbc:Value></cac:AdditionalItemProperty>
                <cac:AdditionalItemProperty><cbc:Name>DATE_DEPART</cbc:Name><cbc:Value>2008-10-31 06:00</cbc:Value></cac:AdditionalItemProperty>
                <cac:AdditionalItemProperty><cbc:Name>DATE_ARRIVEE</cbc:Name><cbc:Value>2008-10-31 08:05</cbc:Value></cac:AdditionalItemProperty>
                <cac:AdditionalItemProperty><cbc:Name>CATEGORIE</cbc:Name><cbc:Value>1ere classe</cbc:Value></cac:AdditionalItemProperty>
            </cac:Item>
        </cac:InvoiceLine>
        <cac:InvoiceLine>
            <cbc:ID>4</cbc:ID>
            <cbc:LineExtensionAmount currencyID="EUR">10.00</cbc:LineExtensionAmount>
            <cac:Item>
                <cbc:Description>Aller Lyon Marseille</cbc:Description>
                <cac:BuyersItemIdentification><cbc:ID>TRAIN</cbc:ID></cac:BuyersItemIdentification>
                <cac:AdditionalItemProperty><cbc:Name>LIEU_DEPART_COMMUNE</cbc:Name><cbc:Value>LYON</cbc:Value></cac:AdditionalItemProperty>
                <cac:AdditionalItemProperty><cbc:Name>LIEU_DEPART_CP</cbc:Name><cbc:Value>69000</cbc:Value></cac:AdditionalItemProperty>
                <cac:AdditionalItemProperty><cbc:Name>LIEU_ARRIVEE_COMMUNE</cbc:Name><cbc:Value>MARSEILLE</cbc:Value></cac:AdditionalItemProperty>
                <cac:AdditionalItemProperty><cbc:Name>LIEU_ARRIVEE_CP</cbc:Name><cbc:Value>13000</cbc:Value></cac:AdditionalItemProperty>
                <cac:AdditionalItemProperty><cbc:Name>DATE_DEPART</cbc:Name><cbc:Value>2008-10-31 12:00</cbc:Value></cac:AdditionalItemProperty>
                <cac:AdditionalItemProperty><cbc:Name>DATE_ARRIVEE</cbc:Name><cbc:Value>2008-10-31 14:05</cbc:Value></cac:AdditionalItemProperty>
                <cac:AdditionalItemProperty><cbc:Name>CATEGORIE</cbc:Name><cbc:Value>1ere classe</cbc:Value></cac:AdditionalItemProperty>
            </cac:Item>
        </cac:InvoiceLine>
    
        <cac:InvoiceLine>
            <cbc:ID>5</cbc:ID>
            <cbc:LineExtensionAmount currencyID="EUR">80.00</cbc:LineExtensionAmount>
            <cac:Item>
                <cbc:Description>Retour Marseille Paris</cbc:Description>
                <cac:BuyersItemIdentification><cbc:ID>TRAIN</cbc:ID></cac:BuyersItemIdentification>
                <cac:AdditionalItemProperty><cbc:Name>LIEU_DEPART_COMMUNE</cbc:Name><cbc:Value>MARSEILLE</cbc:Value></cac:AdditionalItemProperty>
                <cac:AdditionalItemProperty><cbc:Name>LIEU_DEPART_CP</cbc:Name><cbc:Value>13000</cbc:Value></cac:AdditionalItemProperty>
                <cac:AdditionalItemProperty><cbc:Name>LIEU_ARRIVEE_COMMUNE</cbc:Name><cbc:Value>PARIS</cbc:Value></cac:AdditionalItemProperty>
                <cac:AdditionalItemProperty><cbc:Name>LIEU_ARRIVEE_CP</cbc:Name><cbc:Value>75000</cbc:Value></cac:AdditionalItemProperty>
                <cac:AdditionalItemProperty><cbc:Name>DATE_DEPART</cbc:Name><cbc:Value>2008-11-02 18:00</cbc:Value></cac:AdditionalItemProperty>
                <cac:AdditionalItemProperty><cbc:Name>DATE_ARRIVEE</cbc:Name><cbc:Value>2008-11-02 21:19</cbc:Value></cac:AdditionalItemProperty>
                <cac:AdditionalItemProperty><cbc:Name>CATEGORIE</cbc:Name><cbc:Value>1ere classe</cbc:Value></cac:AdditionalItemProperty>
            </cac:Item>
        </cac:InvoiceLine>
    </ef:Invoice>

    <ef:Invoice>
        <cec:UBLExtensions>
            <cec:UBLExtension>
                <cec:ExtensionAgencyID>DGFIP</cec:ExtensionAgencyID>
                <cec:ExtensionURI>DGFIP:EtatFrais:OrdreMission</cec:ExtensionURI>
                <cec:ExtensionContent>
                    <dgfip:EtatFraisExtension>
                        <dgfip:OrdreMission>
                            <dgfip:ID>20081101-01</dgfip:ID>
                            <dgfip:Valideur>
                                <cac:PartyIdentification>
                                    <cbc:ID>268390319000001</cbc:ID>
                                </cac:PartyIdentification>
                                <cac:Person>
                                    <cbc:FirstName>Roland</cbc:FirstName>
                                    <cbc:FamilyName>DUVAL</cbc:FamilyName>
                                    <cbc:Title>M</cbc:Title>
                                </cac:Person>
                            </dgfip:Valideur>
                            <dgfip:DateValidation>2008-11-01</dgfip:DateValidation>
                            <dgfip:NatureOM>MISSION</dgfip:NatureOM>
                            <dgfip:LieuDeplacement Commune="Amiens" CP="80000"/>
                            <dgfip:LieuDepart Commune="Paris" CP="75000"/>
                            <dgfip:Lieurrivee Commune="Paris" CP="75000"/>
                            <dgfip:DateDepart>2008-11-03 07:07</dgfip:DateDepart>
                            <dgfip:DateRetour>2008-11-03 20:18</dgfip:DateRetour>
                            <dgfip:Agent>
                                <dgfip:EmploiFonction>Assistant</dgfip:EmploiFonction>
                                <dgfip:Statut>CIVIL</dgfip:Statut>
                                <dgfip:SituationFamille>CELIBATAIRE</dgfip:SituationFamille>
                                <dgfip:Grade>Employé</dgfip:Grade>
                                <dgfip:AgentChorus>
                                    <dgfip:TypeTiers>ZCPD</dgfip:TypeTiers>
                                    <dgfip:IdChorusTiers>ABCDE</dgfip:IdChorusTiers>
                                </dgfip:AgentChorus>
                            </dgfip:Agent>
                        </dgfip:OrdreMission>
                        <dgfip:EtatFrais>
                            <dgfip:ComptableAssignataire>946000</dgfip:ComptableAssignataire>
                            <dgfip:TotalFraisTransport>51.60</dgfip:TotalFraisTransport>
                            <dgfip:TotalIndemnitesSejour>15.25</dgfip:TotalIndemnitesSejour>
                            <dgfip:Valideur>
                                <cac:PartyIdentification>
                                    <cbc:ID>1234567890</cbc:ID>
                                </cac:PartyIdentification>
                                <cac:Person>
                                    <cbc:FirstName>MARIE</cbc:FirstName>
                                    <cbc:FamilyName>CHARENTON</cbc:FamilyName>
                                    <cbc:Title>MME</cbc:Title>
                                </cac:Person>
                            </dgfip:Valideur>
                            <dgfip:EtatFraisChorus>
                                <dgfip:Societe>ABCD</dgfip:Societe>
                                <dgfip:DomaineActivite>0123</dgfip:DomaineActivite>
                            </dgfip:EtatFraisChorus>
                        </dgfip:EtatFrais>
                    </dgfip:EtatFraisExtension>
                </cec:ExtensionContent>
            </cec:UBLExtension>
        </cec:UBLExtensions>
        
        <cbc:ID>123456789099</cbc:ID>
        
        <cbc:IssueDate>2008-11-28</cbc:IssueDate>
        
        <cbc:InvoiceTypeCode>K1</cbc:InvoiceTypeCode>
        
        <cac:AccountingSupplierParty>
            <cac:Party>
                <cac:PartyIdentification>
                    <cbc:ID>184395021924859</cbc:ID>
                </cac:PartyIdentification>
                <cac:Person>
                    <cbc:FirstName>Hannah</cbc:FirstName>
                    <cbc:FamilyName>SCHMIDT</cbc:FamilyName>
                    <cbc:Title>MME</cbc:Title>
                </cac:Person>
                <cac:AgentParty>
                    <cac:PostalAddress>
                        <cbc:CityName>Paris</cbc:CityName>
                        <cbc:PostalZone>75020</cbc:PostalZone>
                        <cac:AddressLine>
                            <cbc:Line>8 impasse de l'Eglise</cbc:Line>
                        </cac:AddressLine>
                        <cac:Country>
                            <cbc:IdentificationCode>FR</cbc:IdentificationCode>
                        </cac:Country>
                    </cac:PostalAddress>
                    <cac:PhysicalLocation>
                        <cac:Address>
                            <cbc:CityName>Noisy le grand cedex</cbc:CityName>
                            <cbc:PostalZone>93193</cbc:PostalZone>
                            <cac:AddressLine>
                                <cbc:Line>Immeuble "Le Maille Nord 3"</cbc:Line>
                            </cac:AddressLine>
                            <cac:AddressLine>
                                <cbc:Line>7 porte de NEUILLY</cbc:Line>
                            </cac:AddressLine>
                            <cac:Country>
                                <cbc:IdentificationCode>FR</cbc:IdentificationCode>
                            </cac:Country>
                        </cac:Address>
                    </cac:PhysicalLocation>
                </cac:AgentParty>
            </cac:Party>
        </cac:AccountingSupplierParty>
        
        <cac:AccountingCustomerParty>
            <cac:Party>
                <cac:PartyIdentification>
                    <cbc:ID>Ministère des finances</cbc:ID>
                </cac:PartyIdentification>
                <cac:PartyLegalEntity>
                    <cbc:RegistrationName>Direction générale des finances publiques</cbc:RegistrationName>
                    <cac:RegistrationAddress>
                        <cbc:CityName>Noisy le grand cedex</cbc:CityName>
                        <cbc:PostalZone>93193</cbc:PostalZone>
                        <cac:AddressLine>
                            <cbc:Line>Immeuble "Le Maille Nord 3"</cbc:Line>
                        </cac:AddressLine>
                        <cac:AddressLine>
                            <cbc:Line>7 porte de NEUILLY</cbc:Line>
                        </cac:AddressLine>
                        <cac:Country>
                            <cbc:IdentificationCode>FR</cbc:IdentificationCode>
                        </cac:Country>
                    </cac:RegistrationAddress>
                </cac:PartyLegalEntity>
            </cac:Party>
        </cac:AccountingCustomerParty>
        
        <cac:PaymentMeans>
            <cbc:PaymentMeansCode>V</cbc:PaymentMeansCode>
            <cbc:PaymentChannelCode>IBAN</cbc:PaymentChannelCode>
            <cac:PayeeFinancialAccount>
                <cbc:ID>FR9988888777776666666666655</cbc:ID>
            </cac:PayeeFinancialAccount>
        </cac:PaymentMeans>
        
        <cac:LegalMonetaryTotal>
            <cbc:LineExtensionAmount currencyID="EUR">66.85</cbc:LineExtensionAmount>
            <cbc:PayableAmount currencyID="EUR">66.85</cbc:PayableAmount>
        </cac:LegalMonetaryTotal>
        
        <cac:InvoiceLine>
            <cbc:ID>1</cbc:ID>
            <cbc:Note>Repas limité à 15.25</cbc:Note>
            <cbc:InvoicedQuantity>1</cbc:InvoicedQuantity>
            <cbc:LineExtensionAmount currencyID="EUR">15.25</cbc:LineExtensionAmount>
            <cac:Item>
                <cbc:Description>Déjeuner</cbc:Description>
                <cac:BuyersItemIdentification><cbc:ID>REPAS</cbc:ID></cac:BuyersItemIdentification>
            </cac:Item>
            <cac:Price>
                <cbc:PriceAmount currencyID="EUR">15.25</cbc:PriceAmount>
            </cac:Price>
        </cac:InvoiceLine>
        
        <cac:InvoiceLine>
            <cbc:ID>2</cbc:ID>
            <cbc:LineExtensionAmount currencyID="EUR">25.80</cbc:LineExtensionAmount>
            <cac:Item>
                <cbc:Description>Aller Paris Amiens</cbc:Description>
                <cac:BuyersItemIdentification><cbc:ID>TRAIN</cbc:ID></cac:BuyersItemIdentification>
                <cac:AdditionalItemProperty><cbc:Name>LIEU_DEPART_COMMUNE</cbc:Name><cbc:Value>PARIS</cbc:Value></cac:AdditionalItemProperty>
                <cac:AdditionalItemProperty><cbc:Name>LIEU_DEPART_CP</cbc:Name><cbc:Value>75000</cbc:Value></cac:AdditionalItemProperty>
                <cac:AdditionalItemProperty><cbc:Name>LIEU_ARRIVEE_COMMUNE</cbc:Name><cbc:Value>AMIENS</cbc:Value></cac:AdditionalItemProperty>
                <cac:AdditionalItemProperty><cbc:Name>LIEU_ARRIVEE_CP</cbc:Name><cbc:Value>80000</cbc:Value></cac:AdditionalItemProperty>
                <cac:AdditionalItemProperty><cbc:Name>DATE_DEPART</cbc:Name><cbc:Value>2008-11-03 07:07</cbc:Value></cac:AdditionalItemProperty>
                <cac:AdditionalItemProperty><cbc:Name>DATE_ARRIVEE</cbc:Name><cbc:Value>2008-11-03 08:14</cbc:Value></cac:AdditionalItemProperty>
                <cac:AdditionalItemProperty><cbc:Name>CATEGORIE</cbc:Name><cbc:Value>1ere classe</cbc:Value></cac:AdditionalItemProperty>
            </cac:Item>
        </cac:InvoiceLine>
        
        <cac:InvoiceLine>
            <cbc:ID>3</cbc:ID>
            <cbc:LineExtensionAmount currencyID="EUR">25.80</cbc:LineExtensionAmount>
            <cac:Item>
                <cbc:Description>Retour Amiens Paris</cbc:Description>
                <cac:BuyersItemIdentification><cbc:ID>TRAIN</cbc:ID></cac:BuyersItemIdentification>
                <cac:AdditionalItemProperty><cbc:Name>LIEU_DEPART_COMMUNE</cbc:Name><cbc:Value>AMIENS</cbc:Value></cac:AdditionalItemProperty>
                <cac:AdditionalItemProperty><cbc:Name>LIEU_DEPART_CP</cbc:Name><cbc:Value>80000</cbc:Value></cac:AdditionalItemProperty>
                <cac:AdditionalItemProperty><cbc:Name>LIEU_ARRIVEE_COMMUNE</cbc:Name><cbc:Value>PARIS</cbc:Value></cac:AdditionalItemProperty>
                <cac:AdditionalItemProperty><cbc:Name>LIEU_ARRIVEE_CP</cbc:Name><cbc:Value>75000</cbc:Value></cac:AdditionalItemProperty>
                <cac:AdditionalItemProperty><cbc:Name>DATE_DEPART</cbc:Name><cbc:Value>2008-11-03 19:08</cbc:Value></cac:AdditionalItemProperty>
                <cac:AdditionalItemProperty><cbc:Name>DATE_ARRIVEE</cbc:Name><cbc:Value>2008-11-03 20:18</cbc:Value></cac:AdditionalItemProperty>
                <cac:AdditionalItemProperty><cbc:Name>CATEGORIE</cbc:Name><cbc:Value>1ere classe</cbc:Value></cac:AdditionalItemProperty>
            </cac:Item>
        </cac:InvoiceLine>
    </ef:Invoice>
</ef:EtatsFrais>
